Account_ID,Distributor_Name,Annual_Recurring_Revenue_USD,Licensed_Field_Reps,Active_Reps_Last_30_Days_Pct,Weekly_Order_Volume_Trend_Pct,Open_Support_Tickets,Executive_Sponsor_Status
BR-1001,Shree Balaji Distributors,400000,322,62,-8.3,10,Passive
BR-1002,Kumar Trading Co,394000,249,68,0.5,20,Engaged
BR-1003,Apex Retail Supply,42000,41,82,1.1,8,Passive
BR-1004,Ganpati Wholesale Mart,44000,28,68,-6.7,6,Passive
BR-1005,Nova Consumer Goods,302000,298,72,-0.5,12,Engaged
BR-1006,Sunrise Beverage Distribution,125000,82,97,9.3,1,Engaged
BR-1007,Metro FMCG Partners,155000,134,96,12.5,1,Engaged
BR-1008,Veer Sales Agency,178000,148,83,1.4,13,Engaged
BR-1009,Gulf Coast Snack Distributors,28000,24,80,-16.6,8,Engaged
BR-1010,Orion Pantry Supply,47000,47,66,3.2,8,None
BR-1011,Rajdhani Enterprises,125000,117,69,4.9,9,Passive
BR-1012,BlueRiver Foods Distribution,444000,438,47,-9.7,12,Passive
BR-1013,Patel & Sons Wholesale,39000,31,72,15.7,12,Engaged
BR-1014,Crescent Consumer Network,104000,69,46,-9.8,10,Passive
BR-1015,Sahara Retail Logistics,35000,23,57,3.7,18,None
BR-1016,Pinnacle Dairy Distributors,412000,350,73,14.6,1,Engaged
BR-1017,Mahalaxmi Agencies,203000,145,80,9.2,8,Engaged
BR-1018,Zenith Household Goods,172000,123,35,-22.5,13,None
BR-1019,Alpine Fresh Distribution,221000,181,29,-1.0,15,None
BR-1020,Deccan Retail Partners,335000,322,84,23.0,15,Passive
BR-1021,Silverline Beverages,416000,390,81,10.7,2,Engaged
BR-1022,Anand Marketing Co,327000,268,92,10.7,12,Engaged
BR-1023,Trident Consumer Supply,191000,126,75,17.5,7,Passive
BR-1024,Ravi Distributors Pvt Ltd,192000,134,69,4.4,4,Engaged
BR-1025,Harbour Point Wholesale,235000,213,52,-18.0,11,Champion Departed
BR-1026,Evergreen Staples Co,390000,383,91,-6.7,0,Engaged
BR-1027,Kohinoor Trading House,125000,125,49,6.3,7,None
BR-1028,Summit Snacks Distribution,169000,108,25,0.2,14,Champion Departed
BR-1029,Nandi Consumer Products,92000,65,82,15.9,5,Engaged
BR-1030,Pacific Rim Grocers,259000,211,81,14.0,3,Engaged
BR-1031,Ambika Sales Corporation,164000,109,97,15.8,7,Engaged
BR-1032,Ironwood Retail Supply,437000,362,81,18.9,8,Passive
BR-1033,Golden Leaf Distributors,416000,352,48,4.8,21,Passive
BR-1034,Sagar Wholesale Network,69000,44,57,7.3,10,Passive
BR-1035,Cobalt Consumer Logistics,217000,169,77,4.8,2,Passive
BR-1036,Vishwas Trading Co,75000,49,72,14.4,7,Passive
BR-1037,Northgate Provisions,82000,65,80,-1.5,7,Engaged
BR-1038,Madhav Retail Agencies,176000,137,72,26.6,5,Engaged
BR-1039,Everest Beverage Partners,143000,117,79,14.9,7,Engaged
BR-1040,Lotus Household Distribution,294000,259,42,-9.3,7,None
BR-1041,Prime Meridian Wholesale,238000,154,83,4.3,3,Engaged
BR-1042,Jai Hind Distributors,384000,275,49,-2.2,11,None
BR-1043,Redstone Grocery Supply,16000,15,70,6.6,11,Engaged
BR-1044,Saraswati Trading Network,22000,18,53,5.1,11,Passive
BR-1045,Coastline FMCG Partners,52000,45,69,6.3,14,Engaged
BR-1046,Vardhman Sales Co,179000,166,78,-8.7,6,Passive
BR-1047,Bright Valley Distributors,360000,299,73,-2.3,3,Passive
BR-1048,Onkar Retail Supply,13000,12,52,-13.6,14,Passive
BR-1049,Stonebridge Consumer Goods,168000,154,78,20.7,6,Engaged
BR-1050,Yashoda Wholesale Mart,420000,415,56,-2.9,10,None
